"pathway_id","pathway_name","category"
"hsa01100","Metabolic pathways - Homo sapiens (human)",NA
"hsa01200","Carbon metabolism - Homo sapiens (human)",NA
"hsa01210","2-Oxocarboxylic acid metabolism - Homo sapiens (human)",NA
"hsa01212","Fatty acid metabolism - Homo sapiens (human)",NA
"hsa01230","Biosynthesis of amino acids - Homo sapiens (human)",NA
"hsa01232","Nucleotide metabolism - Homo sapiens (human)",NA
"hsa01250","Biosynthesis of nucleotide sugars - Homo sapiens (human)",NA
"hsa01240","Biosynthesis of cofactors - Homo sapiens (human)",NA
"hsa00010","Glycolysis / Gluconeogenesis - Homo sapiens (human)","Metabolism; Carbohydrate metabolism"
"hsa00020","Citrate cycle (TCA cycle) - Homo sapiens (human)","Metabolism; Carbohydrate metabolism"
"hsa00030","Pentose phosphate pathway - Homo sapiens (human)","Metabolism; Carbohydrate metabolism"
"hsa00040","Pentose and glucuronate interconversions - Homo sapiens (human)","Metabolism; Carbohydrate metabolism"
"hsa00051","Fructose and mannose metabolism - Homo sapiens (human)","Metabolism; Carbohydrate metabolism"
"hsa00052","Galactose metabolism - Homo sapiens (human)","Metabolism; Carbohydrate metabolism"
"hsa00053","Ascorbate and aldarate metabolism - Homo sapiens (human)","Metabolism; Carbohydrate metabolism"
"hsa00500","Starch and sucrose metabolism - Homo sapiens (human)","Metabolism; Carbohydrate metabolism"
"hsa00520","Amino sugar and nucleotide sugar metabolism - Homo sapiens (human)","Metabolism; Carbohydrate metabolism"
"hsa00620","Pyruvate metabolism - Homo sapiens (human)","Metabolism; Carbohydrate metabolism"
"hsa00630","Glyoxylate and dicarboxylate metabolism - Homo sapiens (human)","Metabolism; Carbohydrate metabolism"
"hsa00640","Propanoate metabolism - Homo sapiens (human)","Metabolism; Carbohydrate metabolism"
"hsa00650","Butanoate metabolism - Homo sapiens (human)","Metabolism; Carbohydrate metabolism"
"hsa00562","Inositol phosphate metabolism - Homo sapiens (human)","Metabolism; Carbohydrate metabolism"
"hsa00190","Oxidative phosphorylation - Homo sapiens (human)","Metabolism; Energy metabolism"
"hsa00910","Nitrogen metabolism - Homo sapiens (human)","Metabolism; Energy metabolism"
"hsa00920","Sulfur metabolism - Homo sapiens (human)","Metabolism; Energy metabolism"
"hsa00061","Fatty acid biosynthesis - Homo sapiens (human)","Metabolism; Lipid metabolism"
"hsa00062","Fatty acid elongation - Homo sapiens (human)","Metabolism; Lipid metabolism"
"hsa00071","Fatty acid degradation - Homo sapiens (human)","Metabolism; Lipid metabolism"
"hsa00100","Steroid biosynthesis - Homo sapiens (human)","Metabolism; Lipid metabolism"
"hsa00120","Primary bile acid biosynthesis - Homo sapiens (human)","Metabolism; Lipid metabolism"
"hsa00140","Steroid hormone biosynthesis - Homo sapiens (human)","Metabolism; Lipid metabolism"
"hsa00561","Glycerolipid metabolism - Homo sapiens (human)","Metabolism; Lipid metabolism"
"hsa00564","Glycerophospholipid metabolism - Homo sapiens (human)","Metabolism; Lipid metabolism"
"hsa00565","Ether lipid metabolism - Homo sapiens (human)","Metabolism; Lipid metabolism"
"hsa00600","Sphingolipid metabolism - Homo sapiens (human)","Metabolism; Lipid metabolism"
"hsa00590","Arachidonic acid metabolism - Homo sapiens (human)","Metabolism; Lipid metabolism"
"hsa00591","Linoleic acid metabolism - Homo sapiens (human)","Metabolism; Lipid metabolism"
"hsa00592","alpha-Linolenic acid metabolism - Homo sapiens (human)","Metabolism; Lipid metabolism"
"hsa01040","Biosynthesis of unsaturated fatty acids - Homo sapiens (human)","Metabolism; Lipid metabolism"
"hsa00230","Purine metabolism - Homo sapiens (human)","Metabolism; Nucleotide metabolism"
"hsa00240","Pyrimidine metabolism - Homo sapiens (human)","Metabolism; Nucleotide metabolism"
"hsa00250","Alanine, aspartate and glutamate metabolism - Homo sapiens (human)","Metabolism; Amino acid metabolism"
"hsa00260","Glycine, serine and threonine metabolism - Homo sapiens (human)","Metabolism; Amino acid metabolism"
"hsa00270","Cysteine and methionine metabolism - Homo sapiens (human)","Metabolism; Amino acid metabolism"
"hsa00280","Valine, leucine and isoleucine degradation - Homo sapiens (human)","Metabolism; Amino acid metabolism"
"hsa00290","Valine, leucine and isoleucine biosynthesis - Homo sapiens (human)","Metabolism; Amino acid metabolism"
"hsa00310","Lysine degradation - Homo sapiens (human)","Metabolism; Amino acid metabolism"
"hsa00220","Arginine biosynthesis - Homo sapiens (human)","Metabolism; Amino acid metabolism"
"hsa00330","Arginine and proline metabolism - Homo sapiens (human)","Metabolism; Amino acid metabolism"
"hsa00340","Histidine metabolism - Homo sapiens (human)","Metabolism; Amino acid metabolism"
"hsa00350","Tyrosine metabolism - Homo sapiens (human)","Metabolism; Amino acid metabolism"
"hsa00360","Phenylalanine metabolism - Homo sapiens (human)","Metabolism; Amino acid metabolism"
"hsa00380","Tryptophan metabolism - Homo sapiens (human)","Metabolism; Amino acid metabolism"
"hsa00400","Phenylalanine, tyrosine and tryptophan biosynthesis - Homo sapiens (human)","Metabolism; Amino acid metabolism"
"hsa00410","beta-Alanine metabolism - Homo sapiens (human)","Metabolism; Metabolism of other amino acids"
"hsa00430","Taurine and hypotaurine metabolism - Homo sapiens (human)","Metabolism; Metabolism of other amino acids"
"hsa00440","Phosphonate and phosphinate metabolism - Homo sapiens (human)","Metabolism; Metabolism of other amino acids"
"hsa00450","Selenocompound metabolism - Homo sapiens (human)","Metabolism; Metabolism of other amino acids"
"hsa00470","D-Amino acid metabolism - Homo sapiens (human)","Metabolism; Metabolism of other amino acids"
"hsa00480","Glutathione metabolism - Homo sapiens (human)","Metabolism; Metabolism of other amino acids"
"hsa00510","N-Glycan biosynthesis - Homo sapiens (human)","Metabolism; Glycan biosynthesis and metabolism"
"hsa00513","Various types of N-glycan biosynthesis - Homo sapiens (human)","Metabolism; Glycan biosynthesis and metabolism"
"hsa00512","Mucin type O-glycan biosynthesis - Homo sapiens (human)","Metabolism; Glycan biosynthesis and metabolism"
"hsa00515","Mannose type O-glycan biosynthesis - Homo sapiens (human)","Metabolism; Glycan biosynthesis and metabolism"
"hsa00514","Other types of O-glycan biosynthesis - Homo sapiens (human)","Metabolism; Glycan biosynthesis and metabolism"
"hsa00532","Glycosaminoglycan biosynthesis - chondroitin sulfate / dermatan sulfate - Homo sapiens (human)","Metabolism; Glycan biosynthesis and metabolism"
"hsa00534","Glycosaminoglycan biosynthesis - heparan sulfate / heparin - Homo sapiens (human)","Metabolism; Glycan biosynthesis and metabolism"
"hsa00533","Glycosaminoglycan biosynthesis - keratan sulfate - Homo sapiens (human)","Metabolism; Glycan biosynthesis and metabolism"
"hsa00531","Glycosaminoglycan degradation - Homo sapiens (human)","Metabolism; Glycan biosynthesis and metabolism"
"hsa00563","Glycosylphosphatidylinositol (GPI)-anchor biosynthesis - Homo sapiens (human)","Metabolism; Glycan biosynthesis and metabolism"
"hsa00601","Glycosphingolipid biosynthesis - lacto and neolacto series - Homo sapiens (human)","Metabolism; Glycan biosynthesis and metabolism"
"hsa00603","Glycosphingolipid biosynthesis - globo and isoglobo series - Homo sapiens (human)","Metabolism; Glycan biosynthesis and metabolism"
"hsa00604","Glycosphingolipid biosynthesis - ganglio series - Homo sapiens (human)","Metabolism; Glycan biosynthesis and metabolism"
"hsa00511","Other glycan degradation - Homo sapiens (human)","Metabolism; Glycan biosynthesis and metabolism"
"hsa00730","Thiamine metabolism - Homo sapiens (human)","Metabolism; Metabolism of cofactors and vitamins"
"hsa00740","Riboflavin metabolism - Homo sapiens (human)","Metabolism; Metabolism of cofactors and vitamins"
"hsa00750","Vitamin B6 metabolism - Homo sapiens (human)","Metabolism; Metabolism of cofactors and vitamins"
"hsa00760","Nicotinate and nicotinamide metabolism - Homo sapiens (human)","Metabolism; Metabolism of cofactors and vitamins"
"hsa00770","Pantothenate and CoA biosynthesis - Homo sapiens (human)","Metabolism; Metabolism of cofactors and vitamins"
"hsa00780","Biotin metabolism - Homo sapiens (human)","Metabolism; Metabolism of cofactors and vitamins"
"hsa00785","Lipoic acid metabolism - Homo sapiens (human)","Metabolism; Metabolism of cofactors and vitamins"
"hsa00790","Folate biosynthesis - Homo sapiens (human)","Metabolism; Metabolism of cofactors and vitamins"
"hsa00670","One carbon pool by folate - Homo sapiens (human)","Metabolism; Metabolism of cofactors and vitamins"
"hsa00830","Retinol metabolism - Homo sapiens (human)","Metabolism; Metabolism of cofactors and vitamins"
"hsa00860","Porphyrin metabolism - Homo sapiens (human)","Metabolism; Metabolism of cofactors and vitamins"
"hsa00130","Ubiquinone and other terpenoid-quinone biosynthesis - Homo sapiens (human)","Metabolism; Metabolism of cofactors and vitamins"
"hsa00900","Terpenoid backbone biosynthesis - Homo sapiens (human)","Metabolism; Metabolism of terpenoids and polyketides"
"hsa00232","Caffeine metabolism - Homo sapiens (human)","Metabolism; Biosynthesis of other secondary metabolites"
"hsa00524","Neomycin, kanamycin and gentamicin biosynthesis - Homo sapiens (human)","Metabolism; Biosynthesis of other secondary metabolites"
"hsa00980","Metabolism of xenobiotics by cytochrome P450 - Homo sapiens (human)","Metabolism; Xenobiotics biodegradation and metabolism"
"hsa00982","Drug metabolism - cytochrome P450 - Homo sapiens (human)","Metabolism; Xenobiotics biodegradation and metabolism"
"hsa00983","Drug metabolism - other enzymes - Homo sapiens (human)","Metabolism; Xenobiotics biodegradation and metabolism"
"hsa03020","RNA polymerase - Homo sapiens (human)","Genetic Information Processing; Transcription"
"hsa03022","Basal transcription factors - Homo sapiens (human)","Genetic Information Processing; Transcription"
"hsa03040","Spliceosome - Homo sapiens (human)","Genetic Information Processing; Transcription"
"hsa03010","Ribosome - Homo sapiens (human)","Genetic Information Processing; Translation"
"hsa00970","Aminoacyl-tRNA biosynthesis - Homo sapiens (human)","Genetic Information Processing; Translation"
"hsa03013","Nucleocytoplasmic transport - Homo sapiens (human)","Genetic Information Processing; Translation"
"hsa03015","mRNA surveillance pathway - Homo sapiens (human)","Genetic Information Processing; Translation"
"hsa03008","Ribosome biogenesis in eukaryotes - Homo sapiens (human)","Genetic Information Processing; Translation"
"hsa03060","Protein export - Homo sapiens (human)","Genetic Information Processing; Folding, sorting and degradation"
"hsa04141","Protein processing in endoplasmic reticulum - Homo sapiens (human)","Genetic Information Processing; Folding, sorting and degradation"
"hsa04130","SNARE interactions in vesicular transport - Homo sapiens (human)","Genetic Information Processing; Folding, sorting and degradation"
"hsa04120","Ubiquitin mediated proteolysis - Homo sapiens (human)","Genetic Information Processing; Folding, sorting and degradation"
"hsa04122","Sulfur relay system - Homo sapiens (human)","Genetic Information Processing; Folding, sorting and degradation"
"hsa03050","Proteasome - Homo sapiens (human)","Genetic Information Processing; Folding, sorting and degradation"
"hsa03018","RNA degradation - Homo sapiens (human)","Genetic Information Processing; Folding, sorting and degradation"
"hsa03030","DNA replication - Homo sapiens (human)","Genetic Information Processing; Replication and repair"
"hsa03410","Base excision repair - Homo sapiens (human)","Genetic Information Processing; Replication and repair"
"hsa03420","Nucleotide excision repair - Homo sapiens (human)","Genetic Information Processing; Replication and repair"
"hsa03430","Mismatch repair - Homo sapiens (human)","Genetic Information Processing; Replication and repair"
"hsa03440","Homologous recombination - Homo sapiens (human)","Genetic Information Processing; Replication and repair"
"hsa03450","Non-homologous end-joining - Homo sapiens (human)","Genetic Information Processing; Replication and repair"
"hsa03460","Fanconi anemia pathway - Homo sapiens (human)","Genetic Information Processing; Replication and repair"
"hsa03082","ATP-dependent chromatin remodeling - Homo sapiens (human)","Genetic Information Processing; Chromosome"
"hsa03083","Polycomb repressive complex - Homo sapiens (human)","Genetic Information Processing; Chromosome"
"hsa03250","Viral life cycle - HIV-1 - Homo sapiens (human)","Genetic Information Processing; Information processing in viruses"
"hsa03260","Virion - Human immunodeficiency virus - Homo sapiens (human)","Genetic Information Processing; Information processing in viruses"
"hsa03271","Virion - Rotavirus - Homo sapiens (human)","Genetic Information Processing; Information processing in viruses"
"hsa03264","Virion - Flavivirus - Homo sapiens (human)","Genetic Information Processing; Information processing in viruses"
"hsa03265","Virion - Ebolavirus, Lyssavirus and Morbillivirus - Homo sapiens (human)","Genetic Information Processing; Information processing in viruses"
"hsa03266","Virion - Herpesvirus - Homo sapiens (human)","Genetic Information Processing; Information processing in viruses"
"hsa03267","Virion - Adenovirus - Homo sapiens (human)","Genetic Information Processing; Information processing in viruses"
"hsa02010","ABC transporters - Homo sapiens (human)","Environmental Information Processing; Membrane transport"
"hsa04010","MAPK signaling pathway - Homo sapiens (human)","Environmental Information Processing; Signal transduction"
"hsa04012","ErbB signaling pathway - Homo sapiens (human)","Environmental Information Processing; Signal transduction"
"hsa04014","Ras signaling pathway - Homo sapiens (human)","Environmental Information Processing; Signal transduction"
"hsa04015","Rap1 signaling pathway - Homo sapiens (human)","Environmental Information Processing; Signal transduction"
"hsa04310","Wnt signaling pathway - Homo sapiens (human)","Environmental Information Processing; Signal transduction"
"hsa04330","Notch signaling pathway - Homo sapiens (human)","Environmental Information Processing; Signal transduction"
"hsa04340","Hedgehog signaling pathway - Homo sapiens (human)","Environmental Information Processing; Signal transduction"
"hsa04350","TGF-beta signaling pathway - Homo sapiens (human)","Environmental Information Processing; Signal transduction"
"hsa04390","Hippo signaling pathway - Homo sapiens (human)","Environmental Information Processing; Signal transduction"
"hsa04392","Hippo signaling pathway - multiple species - Homo sapiens (human)","Environmental Information Processing; Signal transduction"
"hsa04370","VEGF signaling pathway - Homo sapiens (human)","Environmental Information Processing; Signal transduction"
"hsa04371","Apelin signaling pathway - Homo sapiens (human)","Environmental Information Processing; Signal transduction"
"hsa04630","JAK-STAT signaling pathway - Homo sapiens (human)","Environmental Information Processing; Signal transduction"
"hsa04064","NF-kappa B signaling pathway - Homo sapiens (human)","Environmental Information Processing; Signal transduction"
"hsa04668","TNF signaling pathway - Homo sapiens (human)","Environmental Information Processing; Signal transduction"
"hsa04066","HIF-1 signaling pathway - Homo sapiens (human)","Environmental Information Processing; Signal transduction"
"hsa04068","FoxO signaling pathway - Homo sapiens (human)","Environmental Information Processing; Signal transduction"
"hsa04020","Calcium signaling pathway - Homo sapiens (human)","Environmental Information Processing; Signal transduction"
"hsa04070","Phosphatidylinositol signaling system - Homo sapiens (human)","Environmental Information Processing; Signal transduction"
"hsa04072","Phospholipase D signaling pathway - Homo sapiens (human)","Environmental Information Processing; Signal transduction"
"hsa04071","Sphingolipid signaling pathway - Homo sapiens (human)","Environmental Information Processing; Signal transduction"
"hsa04024","cAMP signaling pathway - Homo sapiens (human)","Environmental Information Processing; Signal transduction"
"hsa04022","cGMP-PKG signaling pathway - Homo sapiens (human)","Environmental Information Processing; Signal transduction"
"hsa04151","PI3K-Akt signaling pathway - Homo sapiens (human)","Environmental Information Processing; Signal transduction"
"hsa04152","AMPK signaling pathway - Homo sapiens (human)","Environmental Information Processing; Signal transduction"
"hsa04150","mTOR signaling pathway - Homo sapiens (human)","Environmental Information Processing; Signal transduction"
"hsa04080","Neuroactive ligand-receptor interaction - Homo sapiens (human)","Environmental Information Processing; Signaling molecules and interaction"
"hsa04060","Cytokine-cytokine receptor interaction - Homo sapiens (human)","Environmental Information Processing; Signaling molecules and interaction"
"hsa04061","Viral protein interaction with cytokine and cytokine receptor - Homo sapiens (human)","Environmental Information Processing; Signaling molecules and interaction"
"hsa04512","ECM-receptor interaction - Homo sapiens (human)","Environmental Information Processing; Signaling molecules and interaction"
"hsa04514","Cell adhesion molecules - Homo sapiens (human)","Environmental Information Processing; Signaling molecules and interaction"
"hsa04144","Endocytosis - Homo sapiens (human)","Cellular Processes; Transport and catabolism"
"hsa04145","Phagosome - Homo sapiens (human)","Cellular Processes; Transport and catabolism"
"hsa04142","Lysosome - Homo sapiens (human)","Cellular Processes; Transport and catabolism"
"hsa04146","Peroxisome - Homo sapiens (human)","Cellular Processes; Transport and catabolism"
"hsa04140","Autophagy - animal - Homo sapiens (human)","Cellular Processes; Transport and catabolism"
"hsa04136","Autophagy - other - Homo sapiens (human)","Cellular Processes; Transport and catabolism"
"hsa04137","Mitophagy - animal - Homo sapiens (human)","Cellular Processes; Transport and catabolism"
"hsa04148","Efferocytosis - Homo sapiens (human)","Cellular Processes; Transport and catabolism"
"hsa04110","Cell cycle - Homo sapiens (human)","Cellular Processes; Cell growth and death"
"hsa04114","Oocyte meiosis - Homo sapiens (human)","Cellular Processes; Cell growth and death"
"hsa04210","Apoptosis - Homo sapiens (human)","Cellular Processes; Cell growth and death"
"hsa04215","Apoptosis - multiple species - Homo sapiens (human)","Cellular Processes; Cell growth and death"
"hsa04216","Ferroptosis - Homo sapiens (human)","Cellular Processes; Cell growth and death"
"hsa04217","Necroptosis - Homo sapiens (human)","Cellular Processes; Cell growth and death"
"hsa04115","p53 signaling pathway - Homo sapiens (human)","Cellular Processes; Cell growth and death"
"hsa04218","Cellular senescence - Homo sapiens (human)","Cellular Processes; Cell growth and death"
"hsa04510","Focal adhesion - Homo sapiens (human)","Cellular Processes; Cellular community - eukaryotes"
"hsa04520","Adherens junction - Homo sapiens (human)","Cellular Processes; Cellular community - eukaryotes"
"hsa04530","Tight junction - Homo sapiens (human)","Cellular Processes; Cellular community - eukaryotes"
"hsa04540","Gap junction - Homo sapiens (human)","Cellular Processes; Cellular community - eukaryotes"
"hsa04550","Signaling pathways regulating pluripotency of stem cells - Homo sapiens (human)","Cellular Processes; Cellular community - eukaryotes"
"hsa04814","Motor proteins - Homo sapiens (human)","Cellular Processes; Cell motility"
"hsa04820","Cytoskeleton in muscle cells - Homo sapiens (human)","Cellular Processes; Cell motility"
"hsa04810","Regulation of actin cytoskeleton - Homo sapiens (human)","Cellular Processes; Cell motility"
"hsa04640","Hematopoietic cell lineage - Homo sapiens (human)","Organismal Systems; Immune system"
"hsa04610","Complement and coagulation cascades - Homo sapiens (human)","Organismal Systems; Immune system"
"hsa04611","Platelet activation - Homo sapiens (human)","Organismal Systems; Immune system"
"hsa04613","Neutrophil extracellular trap formation - Homo sapiens (human)","Organismal Systems; Immune system"
"hsa04620","Toll-like receptor signaling pathway - Homo sapiens (human)","Organismal Systems; Immune system"
"hsa04621","NOD-like receptor signaling pathway - Homo sapiens (human)","Organismal Systems; Immune system"
"hsa04622","RIG-I-like receptor signaling pathway - Homo sapiens (human)","Organismal Systems; Immune system"
"hsa04623","Cytosolic DNA-sensing pathway - Homo sapiens (human)","Organismal Systems; Immune system"
"hsa04625","C-type lectin receptor signaling pathway - Homo sapiens (human)","Organismal Systems; Immune system"
"hsa04650","Natural killer cell mediated cytotoxicity - Homo sapiens (human)","Organismal Systems; Immune system"
"hsa04612","Antigen processing and presentation - Homo sapiens (human)","Organismal Systems; Immune system"
"hsa04660","T cell receptor signaling pathway - Homo sapiens (human)","Organismal Systems; Immune system"
"hsa04658","Th1 and Th2 cell differentiation - Homo sapiens (human)","Organismal Systems; Immune system"
"hsa04659","Th17 cell differentiation - Homo sapiens (human)","Organismal Systems; Immune system"
"hsa04657","IL-17 signaling pathway - Homo sapiens (human)","Organismal Systems; Immune system"
"hsa04662","B cell receptor signaling pathway - Homo sapiens (human)","Organismal Systems; Immune system"
"hsa04664","Fc epsilon RI signaling pathway - Homo sapiens (human)","Organismal Systems; Immune system"
"hsa04666","Fc gamma R-mediated phagocytosis - Homo sapiens (human)","Organismal Systems; Immune system"
"hsa04670","Leukocyte transendothelial migration - Homo sapiens (human)","Organismal Systems; Immune system"
"hsa04672","Intestinal immune network for IgA production - Homo sapiens (human)","Organismal Systems; Immune system"
"hsa04062","Chemokine signaling pathway - Homo sapiens (human)","Organismal Systems; Immune system"
"hsa04911","Insulin secretion - Homo sapiens (human)","Organismal Systems; Endocrine system"
"hsa04910","Insulin signaling pathway - Homo sapiens (human)","Organismal Systems; Endocrine system"
"hsa04922","Glucagon signaling pathway - Homo sapiens (human)","Organismal Systems; Endocrine system"
"hsa04923","Regulation of lipolysis in adipocytes - Homo sapiens (human)","Organismal Systems; Endocrine system"
"hsa04920","Adipocytokine signaling pathway - Homo sapiens (human)","Organismal Systems; Endocrine system"
"hsa03320","PPAR signaling pathway - Homo sapiens (human)","Organismal Systems; Endocrine system"
"hsa04929","GnRH secretion - Homo sapiens (human)","Organismal Systems; Endocrine system"
"hsa04912","GnRH signaling pathway - Homo sapiens (human)","Organismal Systems; Endocrine system"
"hsa04913","Ovarian steroidogenesis - Homo sapiens (human)","Organismal Systems; Endocrine system"
"hsa04915","Estrogen signaling pathway - Homo sapiens (human)","Organismal Systems; Endocrine system"
"hsa04914","Progesterone-mediated oocyte maturation - Homo sapiens (human)","Organismal Systems; Endocrine system"
"hsa04917","Prolactin signaling pathway - Homo sapiens (human)","Organismal Systems; Endocrine system"
"hsa04921","Oxytocin signaling pathway - Homo sapiens (human)","Organismal Systems; Endocrine system"
"hsa04926","Relaxin signaling pathway - Homo sapiens (human)","Organismal Systems; Endocrine system"
"hsa04935","Growth hormone synthesis, secretion and action - Homo sapiens (human)","Organismal Systems; Endocrine system"
"hsa04918","Thyroid hormone synthesis - Homo sapiens (human)","Organismal Systems; Endocrine system"
"hsa04919","Thyroid hormone signaling pathway - Homo sapiens (human)","Organismal Systems; Endocrine system"
"hsa04928","Parathyroid hormone synthesis, secretion and action - Homo sapiens (human)","Organismal Systems; Endocrine system"
"hsa04916","Melanogenesis - Homo sapiens (human)","Organismal Systems; Endocrine system"
"hsa04924","Renin secretion - Homo sapiens (human)","Organismal Systems; Endocrine system"
"hsa04614","Renin-angiotensin system - Homo sapiens (human)","Organismal Systems; Endocrine system"
"hsa04925","Aldosterone synthesis and secretion - Homo sapiens (human)","Organismal Systems; Endocrine system"
"hsa04927","Cortisol synthesis and secretion - Homo sapiens (human)","Organismal Systems; Endocrine system"
"hsa04260","Cardiac muscle contraction - Homo sapiens (human)","Organismal Systems; Circulatory system"
"hsa04261","Adrenergic signaling in cardiomyocytes - Homo sapiens (human)","Organismal Systems; Circulatory system"
"hsa04270","Vascular smooth muscle contraction - Homo sapiens (human)","Organismal Systems; Circulatory system"
"hsa04970","Salivary secretion - Homo sapiens (human)","Organismal Systems; Digestive system"
"hsa04971","Gastric acid secretion - Homo sapiens (human)","Organismal Systems; Digestive system"
"hsa04972","Pancreatic secretion - Homo sapiens (human)","Organismal Systems; Digestive system"
"hsa04976","Bile secretion - Homo sapiens (human)","Organismal Systems; Digestive system"
"hsa04973","Carbohydrate digestion and absorption - Homo sapiens (human)","Organismal Systems; Digestive system"
"hsa04974","Protein digestion and absorption - Homo sapiens (human)","Organismal Systems; Digestive system"
"hsa04975","Fat digestion and absorption - Homo sapiens (human)","Organismal Systems; Digestive system"
"hsa04979","Cholesterol metabolism - Homo sapiens (human)","Organismal Systems; Digestive system"
"hsa04977","Vitamin digestion and absorption - Homo sapiens (human)","Organismal Systems; Digestive system"
"hsa04980","Cobalamin transport and metabolism - Homo sapiens (human)","Organismal Systems; Digestive system"
"hsa04978","Mineral absorption - Homo sapiens (human)","Organismal Systems; Digestive system"
"hsa04962","Vasopressin-regulated water reabsorption - Homo sapiens (human)","Organismal Systems; Excretory system"
"hsa04960","Aldosterone-regulated sodium reabsorption - Homo sapiens (human)","Organismal Systems; Excretory system"
"hsa04961","Endocrine and other factor-regulated calcium reabsorption - Homo sapiens (human)","Organismal Systems; Excretory system"
"hsa04964","Proximal tubule bicarbonate reclamation - Homo sapiens (human)","Organismal Systems; Excretory system"
"hsa04966","Collecting duct acid secretion - Homo sapiens (human)","Organismal Systems; Excretory system"
"hsa04724","Glutamatergic synapse - Homo sapiens (human)","Organismal Systems; Nervous system"
"hsa04727","GABAergic synapse - Homo sapiens (human)","Organismal Systems; Nervous system"
"hsa04725","Cholinergic synapse - Homo sapiens (human)","Organismal Systems; Nervous system"
"hsa04728","Dopaminergic synapse - Homo sapiens (human)","Organismal Systems; Nervous system"
"hsa04726","Serotonergic synapse - Homo sapiens (human)","Organismal Systems; Nervous system"
"hsa04720","Long-term potentiation - Homo sapiens (human)","Organismal Systems; Nervous system"
"hsa04730","Long-term depression - Homo sapiens (human)","Organismal Systems; Nervous system"
"hsa04723","Retrograde endocannabinoid signaling - Homo sapiens (human)","Organismal Systems; Nervous system"
"hsa04721","Synaptic vesicle cycle - Homo sapiens (human)","Organismal Systems; Nervous system"
"hsa04722","Neurotrophin signaling pathway - Homo sapiens (human)","Organismal Systems; Nervous system"
"hsa04744","Phototransduction - Homo sapiens (human)","Organismal Systems; Sensory system"
"hsa04740","Olfactory transduction - Homo sapiens (human)","Organismal Systems; Sensory system"
"hsa04742","Taste transduction - Homo sapiens (human)","Organismal Systems; Sensory system"
"hsa04750","Inflammatory mediator regulation of TRP channels - Homo sapiens (human)","Organismal Systems; Sensory system"
"hsa04360","Axon guidance - Homo sapiens (human)","Organismal Systems; Development and regeneration"
"hsa04380","Osteoclast differentiation - Homo sapiens (human)","Organismal Systems; Development and regeneration"
"hsa04211","Longevity regulating pathway - Homo sapiens (human)","Organismal Systems; Aging"
"hsa04213","Longevity regulating pathway - multiple species - Homo sapiens (human)","Organismal Systems; Aging"
"hsa04710","Circadian rhythm - Homo sapiens (human)","Organismal Systems; Environmental adaptation"
"hsa04713","Circadian entrainment - Homo sapiens (human)","Organismal Systems; Environmental adaptation"
"hsa04714","Thermogenesis - Homo sapiens (human)","Organismal Systems; Environmental adaptation"
"hsa05200","Pathways in cancer - Homo sapiens (human)","Human Diseases; Cancer: overview"
"hsa05202","Transcriptional misregulation in cancer - Homo sapiens (human)","Human Diseases; Cancer: overview"
"hsa05206","MicroRNAs in cancer - Homo sapiens (human)","Human Diseases; Cancer: overview"
"hsa05205","Proteoglycans in cancer - Homo sapiens (human)","Human Diseases; Cancer: overview"
"hsa05204","Chemical carcinogenesis - DNA adducts - Homo sapiens (human)","Human Diseases; Cancer: overview"
"hsa05207","Chemical carcinogenesis - receptor activation - Homo sapiens (human)","Human Diseases; Cancer: overview"
"hsa05208","Chemical carcinogenesis - reactive oxygen species - Homo sapiens (human)","Human Diseases; Cancer: overview"
"hsa05203","Viral carcinogenesis - Homo sapiens (human)","Human Diseases; Cancer: overview"
"hsa05230","Central carbon metabolism in cancer - Homo sapiens (human)","Human Diseases; Cancer: overview"
"hsa05231","Choline metabolism in cancer - Homo sapiens (human)","Human Diseases; Cancer: overview"
"hsa05235","PD-L1 expression and PD-1 checkpoint pathway in cancer - Homo sapiens (human)","Human Diseases; Cancer: overview"
"hsa05210","Colorectal cancer - Homo sapiens (human)","Human Diseases; Cancer: specific types"
"hsa05212","Pancreatic cancer - Homo sapiens (human)","Human Diseases; Cancer: specific types"
"hsa05225","Hepatocellular carcinoma - Homo sapiens (human)","Human Diseases; Cancer: specific types"
"hsa05226","Gastric cancer - Homo sapiens (human)","Human Diseases; Cancer: specific types"
"hsa05214","Glioma - Homo sapiens (human)","Human Diseases; Cancer: specific types"
"hsa05216","Thyroid cancer - Homo sapiens (human)","Human Diseases; Cancer: specific types"
"hsa05221","Acute myeloid leukemia - Homo sapiens (human)","Human Diseases; Cancer: specific types"
"hsa05220","Chronic myeloid leukemia - Homo sapiens (human)","Human Diseases; Cancer: specific types"
"hsa05217","Basal cell carcinoma - Homo sapiens (human)","Human Diseases; Cancer: specific types"
"hsa05218","Melanoma - Homo sapiens (human)","Human Diseases; Cancer: specific types"
"hsa05211","Renal cell carcinoma - Homo sapiens (human)","Human Diseases; Cancer: specific types"
"hsa05219","Bladder cancer - Homo sapiens (human)","Human Diseases; Cancer: specific types"
"hsa05215","Prostate cancer - Homo sapiens (human)","Human Diseases; Cancer: specific types"
"hsa05213","Endometrial cancer - Homo sapiens (human)","Human Diseases; Cancer: specific types"
"hsa05224","Breast cancer - Homo sapiens (human)","Human Diseases; Cancer: specific types"
"hsa05222","Small cell lung cancer - Homo sapiens (human)","Human Diseases; Cancer: specific types"
"hsa05223","Non-small cell lung cancer - Homo sapiens (human)","Human Diseases; Cancer: specific types"
"hsa05166","Human T-cell leukemia virus 1 infection - Homo sapiens (human)","Human Diseases; Infectious disease: viral"
"hsa05170","Human immunodeficiency virus 1 infection - Homo sapiens (human)","Human Diseases; Infectious disease: viral"
"hsa05161","Hepatitis B - Homo sapiens (human)","Human Diseases; Infectious disease: viral"
"hsa05160","Hepatitis C - Homo sapiens (human)","Human Diseases; Infectious disease: viral"
"hsa05171","Coronavirus disease - COVID-19 - Homo sapiens (human)","Human Diseases; Infectious disease: viral"
"hsa05164","Influenza A - Homo sapiens (human)","Human Diseases; Infectious disease: viral"
"hsa05162","Measles - Homo sapiens (human)","Human Diseases; Infectious disease: viral"
"hsa05168","Herpes simplex virus 1 infection - Homo sapiens (human)","Human Diseases; Infectious disease: viral"
"hsa05163","Human cytomegalovirus infection - Homo sapiens (human)","Human Diseases; Infectious disease: viral"
"hsa05167","Kaposi sarcoma-associated herpesvirus infection - Homo sapiens (human)","Human Diseases; Infectious disease: viral"
"hsa05169","Epstein-Barr virus infection - Homo sapiens (human)","Human Diseases; Infectious disease: viral"
"hsa05165","Human papillomavirus infection - Homo sapiens (human)","Human Diseases; Infectious disease: viral"
"hsa05110","Vibrio cholerae infection - Homo sapiens (human)","Human Diseases; Infectious disease: bacterial"
"hsa05120","Epithelial cell signaling in Helicobacter pylori infection - Homo sapiens (human)","Human Diseases; Infectious disease: bacterial"
"hsa05130","Pathogenic Escherichia coli infection - Homo sapiens (human)","Human Diseases; Infectious disease: bacterial"
"hsa05132","Salmonella infection - Homo sapiens (human)","Human Diseases; Infectious disease: bacterial"
"hsa05131","Shigellosis - Homo sapiens (human)","Human Diseases; Infectious disease: bacterial"
"hsa05135","Yersinia infection - Homo sapiens (human)","Human Diseases; Infectious disease: bacterial"
"hsa05133","Pertussis - Homo sapiens (human)","Human Diseases; Infectious disease: bacterial"
"hsa05134","Legionellosis - Homo sapiens (human)","Human Diseases; Infectious disease: bacterial"
"hsa05150","Staphylococcus aureus infection - Homo sapiens (human)","Human Diseases; Infectious disease: bacterial"
"hsa05152","Tuberculosis - Homo sapiens (human)","Human Diseases; Infectious disease: bacterial"
"hsa05100","Bacterial invasion of epithelial cells - Homo sapiens (human)","Human Diseases; Infectious disease: bacterial"
"hsa05146","Amoebiasis - Homo sapiens (human)","Human Diseases; Infectious disease: parasitic"
"hsa05144","Malaria - Homo sapiens (human)","Human Diseases; Infectious disease: parasitic"
"hsa05145","Toxoplasmosis - Homo sapiens (human)","Human Diseases; Infectious disease: parasitic"
"hsa05140","Leishmaniasis - Homo sapiens (human)","Human Diseases; Infectious disease: parasitic"
"hsa05142","Chagas disease - Homo sapiens (human)","Human Diseases; Infectious disease: parasitic"
"hsa05143","African trypanosomiasis - Homo sapiens (human)","Human Diseases; Infectious disease: parasitic"
"hsa05310","Asthma - Homo sapiens (human)","Human Diseases; Immune disease"
"hsa05322","Systemic lupus erythematosus - Homo sapiens (human)","Human Diseases; Immune disease"
"hsa05323","Rheumatoid arthritis - Homo sapiens (human)","Human Diseases; Immune disease"
"hsa05320","Autoimmune thyroid disease - Homo sapiens (human)","Human Diseases; Immune disease"
"hsa05321","Inflammatory bowel disease - Homo sapiens (human)","Human Diseases; Immune disease"
"hsa05330","Allograft rejection - Homo sapiens (human)","Human Diseases; Immune disease"
"hsa05332","Graft-versus-host disease - Homo sapiens (human)","Human Diseases; Immune disease"
"hsa05340","Primary immunodeficiency - Homo sapiens (human)","Human Diseases; Immune disease"
"hsa05010","Alzheimer disease - Homo sapiens (human)","Human Diseases; Neurodegenerative disease"
"hsa05012","Parkinson disease - Homo sapiens (human)","Human Diseases; Neurodegenerative disease"
"hsa05014","Amyotrophic lateral sclerosis - Homo sapiens (human)","Human Diseases; Neurodegenerative disease"
"hsa05016","Huntington disease - Homo sapiens (human)","Human Diseases; Neurodegenerative disease"
"hsa05017","Spinocerebellar ataxia - Homo sapiens (human)","Human Diseases; Neurodegenerative disease"
"hsa05020","Prion disease - Homo sapiens (human)","Human Diseases; Neurodegenerative disease"
"hsa05022","Pathways of neurodegeneration - multiple diseases - Homo sapiens (human)","Human Diseases; Neurodegenerative disease"
"hsa05030","Cocaine addiction - Homo sapiens (human)","Human Diseases; Substance dependence"
"hsa05031","Amphetamine addiction - Homo sapiens (human)","Human Diseases; Substance dependence"
"hsa05032","Morphine addiction - Homo sapiens (human)","Human Diseases; Substance dependence"
"hsa05033","Nicotine addiction - Homo sapiens (human)","Human Diseases; Substance dependence"
"hsa05034","Alcoholism - Homo sapiens (human)","Human Diseases; Substance dependence"
"hsa05417","Lipid and atherosclerosis - Homo sapiens (human)","Human Diseases; Cardiovascular disease"
"hsa05418","Fluid shear stress and atherosclerosis - Homo sapiens (human)","Human Diseases; Cardiovascular disease"
"hsa05410","Hypertrophic cardiomyopathy - Homo sapiens (human)","Human Diseases; Cardiovascular disease"
"hsa05412","Arrhythmogenic right ventricular cardiomyopathy - Homo sapiens (human)","Human Diseases; Cardiovascular disease"
"hsa05414","Dilated cardiomyopathy - Homo sapiens (human)","Human Diseases; Cardiovascular disease"
"hsa05415","Diabetic cardiomyopathy - Homo sapiens (human)","Human Diseases; Cardiovascular disease"
"hsa05416","Viral myocarditis - Homo sapiens (human)","Human Diseases; Cardiovascular disease"
"hsa04930","Type II diabetes mellitus - Homo sapiens (human)","Human Diseases; Endocrine and metabolic disease"
"hsa04940","Type I diabetes mellitus - Homo sapiens (human)","Human Diseases; Endocrine and metabolic disease"
"hsa04950","Maturity onset diabetes of the young - Homo sapiens (human)","Human Diseases; Endocrine and metabolic disease"
"hsa04936","Alcoholic liver disease - Homo sapiens (human)","Human Diseases; Endocrine and metabolic disease"
"hsa04932","Non-alcoholic fatty liver disease - Homo sapiens (human)","Human Diseases; Endocrine and metabolic disease"
"hsa04931","Insulin resistance - Homo sapiens (human)","Human Diseases; Endocrine and metabolic disease"
"hsa04933","AGE-RAGE signaling pathway in diabetic complications - Homo sapiens (human)","Human Diseases; Endocrine and metabolic disease"
"hsa04934","Cushing syndrome - Homo sapiens (human)","Human Diseases; Endocrine and metabolic disease"
"hsa01521","EGFR tyrosine kinase inhibitor resistance - Homo sapiens (human)","Human Diseases; Drug resistance: antineoplastic"
"hsa01524","Platinum drug resistance - Homo sapiens (human)","Human Diseases; Drug resistance: antineoplastic"
"hsa01523","Antifolate resistance - Homo sapiens (human)","Human Diseases; Drug resistance: antineoplastic"
"hsa01522","Endocrine resistance - Homo sapiens (human)","Human Diseases; Drug resistance: antineoplastic"
